<project xmlns="http://maven.apache.org/POM/4.0.0" xmlns:xsi="http://www.w3.org/2001/XMLSchema-instance" xsi:schemaLocation="http://maven.apache.org/POM/4.0.0 http://maven.apache.org/xsd/maven-4.0.0.xsd">
  <modelVersion>4.0.0</modelVersion>
  <groupId>secondhibernate</groupId>
  <artifactId>secondhibernate</artifactId>
  <version>0.0.1-SNAPSHOT</version>
  <name>secondhibernatename</name>
  <dependencies>
  	<dependency>
    <groupId>org.hibernate</groupId>
    <artifactId>hibernate-core</artifactId>
    <version>4.3.6.Final</version>
	</dependency>
	<dependency>
    <groupId>mysql</groupId>
    <artifactId>mysql-connector-java</artifactId>
    <version>5.1.9</version>
	</dependency>
	<dependency>
    <groupId>org.hibernate</groupId>
    <artifactId>hibernate-annotations</artifactId>
    <version>3.5.6-Final</version>
	</dependency>
	<dependency>
    <groupId>org.hibernate</groupId>
    <artifactId>hibernate-commons-annotations</artifactId>
    <version>3.2.0.Final</version>
	</dependency>
  </dependencies>
</project>